id;title;content;date
1;productivity Rial;../fake-data/blob/hipster.txt;2023-03-01T17:34:11
2;Chicken framework;../fake-data/blob/hipster.txt;2023-03-02T16:42:35
3;reboot;../fake-data/blob/hipster.txt;2023-03-02T09:37:52
4;clicks-and-mortar redundant Pants;../fake-data/blob/hipster.txt;2023-03-02T02:08:01
5;maroon;../fake-data/blob/hipster.txt;2023-03-01T19:18:26
6;Centers Table;../fake-data/blob/hipster.txt;2023-03-02T14:35:36
7;silver Islands Product;../fake-data/blob/hipster.txt;2023-03-02T09:07:52
8;end-to-end Ford definition;../fake-data/blob/hipster.txt;2023-03-02T14:06:04
9;Human;../fake-data/blob/hipster.txt;2023-03-02T07:03:06
10;Avon;../fake-data/blob/hipster.txt;2023-03-02T06:13:39
